<xml xmlns:o="urn:schemas-microsoft-com:office:office">
 <o:MainFile HRef="../index.htm"/>
 <o:File HRef="sound266.wav"/>
 <o:File HRef="image321.gif"/>
 <o:File HRef="image322.gif"/>
 <o:File HRef="image323.gif"/>
 <o:File HRef="image324.gif"/>
 <o:File HRef="image325.gif"/>
 <o:File HRef="image327.gif"/>
 <o:File HRef="image337.gif"/>
 <o:File HRef="image352.wmz"/>
 <o:File HRef="image349.gif"/>
 <o:File HRef="image359.png"/>
 <o:File HRef="image3591.jpg"/>
 <o:File HRef="image364.gif"/>
 <o:File HRef="image365.gif"/>
 <o:File HRef="image366.gif"/>
 <o:File HRef="image524.jpg"/>
 <o:File HRef="oledata.mso"/>
 <o:File HRef="image326.gif"/>
 <o:File HRef="image458.jpg"/>
 <o:File HRef="Page380.htm"/>
 <o:File HRef="image385.gif"/>
 <o:File HRef="image386.gif"/>
 <o:File HRef="image387.gif"/>
 <o:File HRef="image388.gif"/>
 <o:File HRef="image389.gif"/>
 <o:File HRef="image402.gif"/>
 <o:File HRef="image414.gif"/>
 <o:File HRef="image431.gif"/>
 <o:File HRef="Page506.htm"/>
 <o:File HRef="image515.gif"/>
 <o:File HRef="image538.gif"/>
 <o:File HRef="image550.gif"/>
 <o:File HRef="image579.gif"/>
 <o:File HRef="image580.gif"/>
 <o:File HRef="image356.jpg"/>
 <o:File HRef="Page472.htm"/>
 <o:File HRef="image478.gif"/>
 <o:File HRef="image674.gif"/>
 <o:File HRef="Page397.htm"/>
 <o:File HRef="image446.gif"/>
 <o:File HRef="image503.gif"/>
 <o:File HRef="image531.jpg"/>
 <o:File HRef="image537.gif"/>
 <o:File HRef="filelist.xml"/>
</xml>